﻿<?xml version="1.0" encoding="UTF-8" standalone="yes"?>
<addon id="plugin.video.gewc" name="German Electronic WebCharts" version="2023.02.20" provider-name="Publish3r">
  <requires>
    <import addon="xbmc.python" version="3.0.0"/>
    <import addon="script.module.requests" />
    <import addon="script.module.beautifulsoup4" />
    <import addon="plugin.video.youtube" />
  </requires>
  <extension point="xbmc.python.pluginsource" library="default.py">
    <provides>video audio</provides>
  </extension>
  <extension point="xbmc.addon.metadata">
    <summary lang="en_GB">German Electronic WebCharts</summary>
    <description lang="en_GB">Top 15 und Neuerscheinungen</description>
    <language>en</language>
    <platform>all</platform>
    <assets>
        <icon>icon.png</icon>
        <fanart>fanart.jpg</fanart>
    </assets>
  </extension>
</addon>
