<?xml version="1.0" encoding="UTF-8" standalone="yes"?>
<addon id="plugin.video.wedotv" name="wedotv" provider-name="Publish3r" version="2024.04.29">
  <requires>
    <import addon="xbmc.python" version="3.0.0"/>
    <import addon="script.module.requests" />
  </requires>
  <extension point="xbmc.python.pluginsource" library="addon.py">
    <provides>video</provides>
  </extension>
  <extension point="xbmc.addon.metadata">
    <summary lang="de_DE">wedotv</summary>
    <description lang="de_DE">FOR YOU FOR FREE</description>
    <language>de</language>
    <platform>all</platform>
    <assets>
        <icon>icon.png</icon>
        <fanart>fanart.jpg</fanart>
    </assets>
  </extension>
</addon>