﻿<?xml version="1.0" encoding="UTF-8" standalone="yes"?>
<addon id="plugin.video.simplitv" name="simpliTV" version="2023.03.16" provider-name="Publish3r, sunsettrack4">
  <requires>
    <import addon="xbmc.python" version="3.0.0"/>
    <import addon="script.module.requests" />
    <import addon="inputstream.adaptive" />
    <import addon="script.module.tzlocal"/>
  </requires>
  <extension point="xbmc.python.pluginsource" library="default.py">
    <provides>video</provides>
  </extension>
  <extension point="xbmc.addon.metadata">
    <summary lang="en_GB">simpliTV</summary>
    <description lang="en_GB">Streaming war noch nie so lässig.</description>
    <language>en</language>
    <platform>all</platform>
    <assets>
        <icon>icon.png</icon>
        <fanart>fanart.jpg</fanart>
    </assets>
  </extension>
</addon>
